metric,value
count,98666.0
mean,160.57763809214924
std,220.46608651478527
min,9.59
25%,61.98
50%,105.29
75%,176.87
max,13664.08
